service,folder,file,type,link,medianame,mediafolder,foldermatch
application-insights ,C:\Users\bwren\Git\azure-docs-pr\articles\application-insights , app-insights-separate-resources.md , Media    , ./media/app-insights-asp-net/release-annotation.png,app-insights-asp-net/release-annotation.png,app-insights-asp-net,FALSE
application-insights ,C:\Users\bwren\Git\azure-docs-pr\articles\application-insights , app-insights-vsts-continuous-monitoring.md , Media    , .\media\app-insights-continuous-monitoring\001.png,app-insights-continuous-monitoring/001.png,app-insights-continuous-monitoring,FALSE
application-insights ,C:\Users\bwren\Git\azure-docs-pr\articles\application-insights , app-insights-vsts-continuous-monitoring.md , Media    , .\media\app-insights-continuous-monitoring\002.png,app-insights-continuous-monitoring/002.png,app-insights-continuous-monitoring,FALSE
application-insights ,C:\Users\bwren\Git\azure-docs-pr\articles\application-insights , app-insights-vsts-continuous-monitoring.md , Media    , .\media\app-insights-continuous-monitoring\003.png,app-insights-continuous-monitoring/003.png,app-insights-continuous-monitoring,FALSE
application-insights ,C:\Users\bwren\Git\azure-docs-pr\articles\application-insights , app-insights-vsts-continuous-monitoring.md , Media    , .\media\app-insights-continuous-monitoring\004.png,app-insights-continuous-monitoring/004.png,app-insights-continuous-monitoring,FALSE
application-insights ,C:\Users\bwren\Git\azure-docs-pr\articles\application-insights , app-insights-vsts-continuous-monitoring.md , Media    , .\media\app-insights-continuous-monitoring\005.png,app-insights-continuous-monitoring/005.png,app-insights-continuous-monitoring,FALSE
application-insights ,C:\Users\bwren\Git\azure-docs-pr\articles\application-insights , app-insights-vsts-continuous-monitoring.md , Media    , .\media\app-insights-continuous-monitoring\006.png,app-insights-continuous-monitoring/006.png,app-insights-continuous-monitoring,FALSE
application-insights ,C:\Users\bwren\Git\azure-docs-pr\articles\application-insights , app-insights-transaction-diagnostics.md , Media    , media/app-insights-e2eTxn-diagnostics/4partsCrossComponent.png,app-insights-e2eTxn-diagnostics/4partsCrossComponent.png,app-insights-e2eTxn-diagnostics,FALSE
application-insights ,C:\Users\bwren\Git\azure-docs-pr\articles\application-insights , app-insights-transaction-diagnostics.md , Media    , media/app-insights-e2eTxn-diagnostics/allTelemetryDrawerOpened.png,app-insights-e2eTxn-diagnostics/allTelemetryDrawerOpened.png,app-insights-e2eTxn-diagnostics,FALSE
application-insights ,C:\Users\bwren\Git\azure-docs-pr\articles\application-insights , app-insights-transaction-diagnostics.md , Media    , media/app-insights-e2eTxn-diagnostics/exceptiondetail.png,app-insights-e2eTxn-diagnostics/exceptiondetail.png,app-insights-e2eTxn-diagnostics,FALSE
application-insights ,C:\Users\bwren\Git\azure-docs-pr\articles\application-insights , app-insights-transaction-diagnostics.md , Media    , media/app-insights-e2eTxn-diagnostics/profilerTraces.png,app-insights-e2eTxn-diagnostics/profilerTraces.png,app-insights-e2eTxn-diagnostics,FALSE
application-insights ,C:\Users\bwren\Git\azure-docs-pr\articles\application-insights , app-insights-transaction-diagnostics.md , Media    , media/app-insights-e2eTxn-diagnostics/searchResults.png,app-insights-e2eTxn-diagnostics/searchResults.png,app-insights-e2eTxn-diagnostics,FALSE
application-insights ,C:\Users\bwren\Git\azure-docs-pr\articles\application-insights , app-insights-website-monitoring.md , Media    , ./media/app-insights-nodejs-quick-start/006.png,app-insights-nodejs-quick-start/006.png,app-insights-nodejs-quick-start,FALSE
application-insights ,C:\Users\bwren\Git\azure-docs-pr\articles\application-insights , opencensus-go.md , Media    , ./media/app-insights-nodejs-quick-start/application-map.png,app-insights-nodejs-quick-start/application-map.png,app-insights-nodejs-quick-start,FALSE
application-insights ,C:\Users\bwren\Git\azure-docs-pr\articles\application-insights , opencensus-python.md , Media    , ./media/app-insights-nodejs-quick-start/application-map.png,app-insights-nodejs-quick-start/application-map.png,app-insights-nodejs-quick-start,FALSE
application-insights ,C:\Users\bwren\Git\azure-docs-pr\articles\application-insights , app-insights-website-monitoring.md , Media    , ./media/app-insights-nodejs-quick-start/instrumentation-key-001.png,app-insights-nodejs-quick-start/instrumentation-key-001.png,app-insights-nodejs-quick-start,FALSE
application-insights ,C:\Users\bwren\Git\azure-docs-pr\articles\application-insights , app-insights-previews.md , Media    , ./media/app-insights-preview/preview.png,app-insights-preview/preview.png,app-insights-preview,FALSE
application-insights ,C:\Users\bwren\Git\azure-docs-pr\articles\application-insights , app-insights-proactive-performance-diagnostics.md , Media    , ./media/app-insights-proactive-diagnostics/dependency_duration_degradation.png,app-insights-proactive-diagnostics/dependency_duration_degradation.png,app-insights-proactive-diagnostics,FALSE
application-insights ,C:\Users\bwren\Git\azure-docs-pr\articles\application-insights , app-insights-proactive-performance-diagnostics.md , Media    , ./media/app-insights-proactive-diagnostics/server_response_time_degradation.png,app-insights-proactive-diagnostics/server_response_time_degradation.png,app-insights-proactive-diagnostics,FALSE
application-insights ,C:\Users\bwren\Git\azure-docs-pr\articles\application-insights , app-insights-proactive-performance-diagnostics.md , Media    , ./media/app-insights-proactive-diagnostics/smart_detection_configuration.png,app-insights-proactive-diagnostics/smart_detection_configuration.png,app-insights-proactive-diagnostics,FALSE
application-insights ,C:\Users\bwren\Git\azure-docs-pr\articles\application-insights , usage-funnels.md , Media    , ./media/app-insights-understand-usage-patterns/funnel1.png,app-insights-understand-usage-patterns/funnel1.png,app-insights-understand-usage-patterns,FALSE
log-analytics ,C:\Users\bwren\Git\azure-docs-pr\articles\log-analytics , log-analytics-azure-key-vault.md , Media    , ./media/log-analytics-azure-keyvault/key-vault-analytics-symbol.png,log-analytics-azure-keyvault/key-vault-analytics-symbol.png,log-analytics-azure-keyvault,FALSE
log-analytics ,C:\Users\bwren\Git\azure-docs-pr\articles\log-analytics , log-analytics-azure-key-vault.md , Media    , ./media/log-analytics-azure-keyvault/log-analytics-keyvault01.png,log-analytics-azure-keyvault/log-analytics-keyvault01.png,log-analytics-azure-keyvault,FALSE
log-analytics ,C:\Users\bwren\Git\azure-docs-pr\articles\log-analytics , log-analytics-azure-key-vault.md , Media    , ./media/log-analytics-azure-keyvault/log-analytics-keyvault02.png,log-analytics-azure-keyvault/log-analytics-keyvault02.png,log-analytics-azure-keyvault,FALSE
log-analytics ,C:\Users\bwren\Git\azure-docs-pr\articles\log-analytics , log-analytics-azure-key-vault.md , Media    , ./media/log-analytics-azure-keyvault/log-analytics-keyvault-enable-diagnostics01.png,log-analytics-azure-keyvault/log-analytics-keyvault-enable-diagnostics01.png,log-analytics-azure-keyvault,FALSE
log-analytics ,C:\Users\bwren\Git\azure-docs-pr\articles\log-analytics , log-analytics-azure-key-vault.md , Media    , ./media/log-analytics-azure-keyvault/log-analytics-keyvault-enable-diagnostics02.png,log-analytics-azure-keyvault/log-analytics-keyvault-enable-diagnostics02.png,log-analytics-azure-keyvault,FALSE
log-analytics ,C:\Users\bwren\Git\azure-docs-pr\articles\log-analytics , log-analytics-azure-key-vault.md , Media    , ./media/log-analytics-azure-keyvault/log-analytics-keyvault-tile.png,log-analytics-azure-keyvault/log-analytics-keyvault-tile.png,log-analytics-azure-keyvault,FALSE
log-analytics ,C:\Users\bwren\Git\azure-docs-pr\articles\log-analytics , log-analytics-azure-networking-analytics.md , Media    , ./media/log-analytics-azure-networking/azure-analytics-symbol.png,log-analytics-azure-networking/azure-analytics-symbol.png,log-analytics-azure-networking,FALSE
log-analytics ,C:\Users\bwren\Git\azure-docs-pr\articles\log-analytics , log-analytics-azure-networking-analytics.md , Media    , ./media/log-analytics-azure-networking/azure-analytics-symbol.png,log-analytics-azure-networking/azure-analytics-symbol.png,log-analytics-azure-networking,FALSE
log-analytics ,C:\Users\bwren\Git\azure-docs-pr\articles\log-analytics , log-analytics-azure-networking-analytics.md , Media    , ./media/log-analytics-azure-networking/log-analytics-appgateway01.png,log-analytics-azure-networking/log-analytics-appgateway01.png,log-analytics-azure-networking,FALSE
log-analytics ,C:\Users\bwren\Git\azure-docs-pr\articles\log-analytics , log-analytics-azure-networking-analytics.md , Media    , ./media/log-analytics-azure-networking/log-analytics-appgateway02.png,log-analytics-azure-networking/log-analytics-appgateway02.png,log-analytics-azure-networking,FALSE
log-analytics ,C:\Users\bwren\Git\azure-docs-pr\articles\log-analytics , log-analytics-azure-networking-analytics.md , Media    , ./media/log-analytics-azure-networking/log-analytics-appgateway-enable-diagnostics01.png,log-analytics-azure-networking/log-analytics-appgateway-enable-diagnostics01.png,log-analytics-azure-networking,FALSE
log-analytics ,C:\Users\bwren\Git\azure-docs-pr\articles\log-analytics , log-analytics-azure-networking-analytics.md , Media    , ./media/log-analytics-azure-networking/log-analytics-appgateway-enable-diagnostics02.png,log-analytics-azure-networking/log-analytics-appgateway-enable-diagnostics02.png,log-analytics-azure-networking,FALSE
log-analytics ,C:\Users\bwren\Git\azure-docs-pr\articles\log-analytics , log-analytics-azure-networking-analytics.md , Media    , ./media/log-analytics-azure-networking/log-analytics-appgateway-tile.png,log-analytics-azure-networking/log-analytics-appgateway-tile.png,log-analytics-azure-networking,FALSE
log-analytics ,C:\Users\bwren\Git\azure-docs-pr\articles\log-analytics , log-analytics-azure-networking-analytics.md , Media    , ./media/log-analytics-azure-networking/log-analytics-nsg01.png,log-analytics-azure-networking/log-analytics-nsg01.png,log-analytics-azure-networking,FALSE
log-analytics ,C:\Users\bwren\Git\azure-docs-pr\articles\log-analytics , log-analytics-azure-networking-analytics.md , Media    , ./media/log-analytics-azure-networking/log-analytics-nsg02.png,log-analytics-azure-networking/log-analytics-nsg02.png,log-analytics-azure-networking,FALSE
log-analytics ,C:\Users\bwren\Git\azure-docs-pr\articles\log-analytics , log-analytics-azure-networking-analytics.md , Media    , ./media/log-analytics-azure-networking/log-analytics-nsg-enable-diagnostics01.png,log-analytics-azure-networking/log-analytics-nsg-enable-diagnostics01.png,log-analytics-azure-networking,FALSE
log-analytics ,C:\Users\bwren\Git\azure-docs-pr\articles\log-analytics , log-analytics-azure-networking-analytics.md , Media    , ./media/log-analytics-azure-networking/log-analytics-nsg-enable-diagnostics02.png,log-analytics-azure-networking/log-analytics-nsg-enable-diagnostics02.png,log-analytics-azure-networking,FALSE
log-analytics ,C:\Users\bwren\Git\azure-docs-pr\articles\log-analytics , log-analytics-itsmc-overview.md , Media    , media/log-analytics-itsmc/action-groups.png,log-analytics-itsmc/action-groups.png,log-analytics-itsmc,FALSE
log-analytics ,C:\Users\bwren\Git\azure-docs-pr\articles\log-analytics , log-analytics-itsmc-overview.md , Media    , media/log-analytics-itsmc/action-groups-details.png,log-analytics-itsmc/action-groups-details.png,log-analytics-itsmc,FALSE
log-analytics ,C:\Users\bwren\Git\azure-docs-pr\articles\log-analytics , log-analytics-itsmc-overview.md , Media    , ./media/log-analytics-itsmc/add-itsmc-solution.png,log-analytics-itsmc/add-itsmc-solution.png,log-analytics-itsmc,FALSE
log-analytics ,C:\Users\bwren\Git\azure-docs-pr\articles\log-analytics , log-analytics-itsmc-connections.md , Media    , ./media/log-analytics-itsmc/add-new-itsm-connection.png,log-analytics-itsmc/add-new-itsm-connection.png,log-analytics-itsmc,FALSE
log-analytics ,C:\Users\bwren\Git\azure-docs-pr\articles\log-analytics , log-analytics-itsmc-connections.md , Media    , ./media/log-analytics-itsmc/add-new-itsm-connection.png,log-analytics-itsmc/add-new-itsm-connection.png,log-analytics-itsmc,FALSE
log-analytics ,C:\Users\bwren\Git\azure-docs-pr\articles\log-analytics , log-analytics-itsmc-connections.md , Media    , ./media/log-analytics-itsmc/add-new-itsm-connection.png,log-analytics-itsmc/add-new-itsm-connection.png,log-analytics-itsmc,FALSE
log-analytics ,C:\Users\bwren\Git\azure-docs-pr\articles\log-analytics , log-analytics-itsmc-connections.md , Media    , ./media/log-analytics-itsmc/add-new-itsm-connection.png,log-analytics-itsmc/add-new-itsm-connection.png,log-analytics-itsmc,FALSE
log-analytics ,C:\Users\bwren\Git\azure-docs-pr\articles\log-analytics , log-analytics-itsmc-overview.md , Media    , ./media/log-analytics-itsmc/add-new-itsm-connection.png,log-analytics-itsmc/add-new-itsm-connection.png,log-analytics-itsmc,FALSE
log-analytics ,C:\Users\bwren\Git\azure-docs-pr\articles\log-analytics , log-analytics-itsmc-overview.md , Media    , ./media/log-analytics-itsmc/azure-add-new-resource.png,log-analytics-itsmc/azure-add-new-resource.png,log-analytics-itsmc,FALSE
log-analytics ,C:\Users\bwren\Git\azure-docs-pr\articles\log-analytics , log-analytics-itsmc-overview.md , Media    , ./media/log-analytics-itsmc/itsm-action-details.png,log-analytics-itsmc/itsm-action-details.png,log-analytics-itsmc,FALSE
log-analytics ,C:\Users\bwren\Git\azure-docs-pr\articles\log-analytics , log-analytics-itsmc-connections.md , Media    , ./media/log-analytics-itsmc/itsmc-cherwell-client-id.png,log-analytics-itsmc/itsmc-cherwell-client-id.png,log-analytics-itsmc,FALSE
log-analytics ,C:\Users\bwren\Git\azure-docs-pr\articles\log-analytics , log-analytics-itsmc-overview.md , Media    , ./media/log-analytics-itsmc/itsmc-connections-refresh.png,log-analytics-itsmc/itsmc-connections-refresh.png,log-analytics-itsmc,FALSE
log-analytics ,C:\Users\bwren\Git\azure-docs-pr\articles\log-analytics , log-analytics-itsmc-connections.md , Media    , ./media/log-analytics-itsmc/itsmc-create-new-hybrid-connection.png,log-analytics-itsmc/itsmc-create-new-hybrid-connection.png,log-analytics-itsmc,FALSE
log-analytics ,C:\Users\bwren\Git\azure-docs-pr\articles\log-analytics , log-analytics-itsmc-connections.md , Media    , ./media/log-analytics-itsmc/itsmc-hybrid-connection-listener-set-up-successful.png,log-analytics-itsmc/itsmc-hybrid-connection-listener-set-up-successful.png,log-analytics-itsmc,FALSE
log-analytics ,C:\Users\bwren\Git\azure-docs-pr\articles\log-analytics , log-analytics-itsmc-connections.md , Media    , ./media/log-analytics-itsmc/itsmc-hybrid-connection-networking-and-end-points.png,log-analytics-itsmc/itsmc-hybrid-connection-networking-and-end-points.png,log-analytics-itsmc,FALSE
log-analytics ,C:\Users\bwren\Git\azure-docs-pr\articles\log-analytics , log-analytics-itsmc-connections.md , Media    , ./media/log-analytics-itsmc/itsmc-hybrid-connection-test.png,log-analytics-itsmc/itsmc-hybrid-connection-test.png,log-analytics-itsmc,FALSE
log-analytics ,C:\Users\bwren\Git\azure-docs-pr\articles\log-analytics , log-analytics-itsmc-connections.md , Media    , ./media/log-analytics-itsmc/itsmc-new-hybrid-connection-add.png,log-analytics-itsmc/itsmc-new-hybrid-connection-add.png,log-analytics-itsmc,FALSE
log-analytics ,C:\Users\bwren\Git\azure-docs-pr\articles\log-analytics , log-analytics-itsmc-connections.md , Media    , ./media/log-analytics-itsmc/itsmc-new-hybrid-connection-added.png,log-analytics-itsmc/itsmc-new-hybrid-connection-added.png,log-analytics-itsmc,FALSE
log-analytics ,C:\Users\bwren\Git\azure-docs-pr\articles\log-analytics , log-analytics-itsmc-connections.md , Media    , ./media/log-analytics-itsmc/itsmc-new-hybrid-connection-values.png,log-analytics-itsmc/itsmc-new-hybrid-connection-values.png,log-analytics-itsmc,FALSE
log-analytics ,C:\Users\bwren\Git\azure-docs-pr\articles\log-analytics , log-analytics-itsmc-overview.md , Media    , ./media/log-analytics-itsmc/itsm-connections.png,log-analytics-itsmc/itsm-connections.png,log-analytics-itsmc,FALSE
log-analytics ,C:\Users\bwren\Git\azure-docs-pr\articles\log-analytics , log-analytics-itsmc-connections.md , Media    , ./media/log-analytics-itsmc/itsm-connections-cherwell-latest.png,log-analytics-itsmc/itsm-connections-cherwell-latest.png,log-analytics-itsmc,FALSE
log-analytics ,C:\Users\bwren\Git\azure-docs-pr\articles\log-analytics , log-analytics-itsmc-connections.md , Media    , ./media/log-analytics-itsmc/itsm-connection-servicenow-connection-latest.png,log-analytics-itsmc/itsm-connection-servicenow-connection-latest.png,log-analytics-itsmc,FALSE
log-analytics ,C:\Users\bwren\Git\azure-docs-pr\articles\log-analytics , log-analytics-itsmc-connections.md , Media    , ./media/log-analytics-itsmc/itsm-connections-provance-latest.png,log-analytics-itsmc/itsm-connections-provance-latest.png,log-analytics-itsmc,FALSE
log-analytics ,C:\Users\bwren\Git\azure-docs-pr\articles\log-analytics , log-analytics-itsmc-overview.md , Media    , ./media/log-analytics-itsmc/itsmc-overview-integrated-solutions.png,log-analytics-itsmc/itsmc-overview-integrated-solutions.png,log-analytics-itsmc,FALSE
log-analytics ,C:\Users\bwren\Git\azure-docs-pr\articles\log-analytics , log-analytics-itsmc-overview.md , Media    , ./media/log-analytics-itsmc/itsmc-overview-sample-log-analytics.png,log-analytics-itsmc/itsmc-overview-sample-log-analytics.png,log-analytics-itsmc,FALSE
log-analytics ,C:\Users\bwren\Git\azure-docs-pr\articles\log-analytics , log-analytics-itsmc-overview.md , Media    , ./media/log-analytics-itsmc/itsmc-solution-workspace.png,log-analytics-itsmc/itsmc-solution-workspace.png,log-analytics-itsmc,FALSE
log-analytics ,C:\Users\bwren\Git\azure-docs-pr\articles\log-analytics , log-analytics-itsmc-overview.md , Media    , ./media/log-analytics-itsmc/itsmc-symbol.png,log-analytics-itsmc/itsmc-symbol.png,log-analytics-itsmc,FALSE
log-analytics ,C:\Users\bwren\Git\azure-docs-pr\articles\log-analytics , log-analytics-itsmc-connections.md , Media    , ./media/log-analytics-itsmc/service-manager-connection.png,log-analytics-itsmc/service-manager-connection.png,log-analytics-itsmc,FALSE
log-analytics ,C:\Users\bwren\Git\azure-docs-pr\articles\log-analytics , log-analytics-usage.md , Media    , ./media/log-analytics-manage-cost-storage/usage-estimated-cost-dashboard-01.png,log-analytics-manage-cost-storage/usage-estimated-cost-dashboard-01.png,log-analytics-manage-cost-storage,FALSE
log-analytics ,C:\Users\bwren\Git\azure-docs-pr\articles\log-analytics , log-analytics-network-performance-monitor-expressroute.md , Media    , media/log-analytics-network-performance-monitor/expressroute-circuit-down.png,log-analytics-network-performance-monitor/expressroute-circuit-down.png,log-analytics-network-performance-monitor,FALSE
log-analytics ,C:\Users\bwren\Git\azure-docs-pr\articles\log-analytics , log-analytics-network-performance-monitor-expressroute.md , Media    , media/log-analytics-network-performance-monitor/expressroute-circuits.png,log-analytics-network-performance-monitor/expressroute-circuits.png,log-analytics-network-performance-monitor,FALSE
log-analytics ,C:\Users\bwren\Git\azure-docs-pr\articles\log-analytics , log-analytics-network-performance-monitor-expressroute.md , Media    , media/log-analytics-network-performance-monitor/expressroute-configure.png,log-analytics-network-performance-monitor/expressroute-configure.png,log-analytics-network-performance-monitor,FALSE
log-analytics ,C:\Users\bwren\Git\azure-docs-pr\articles\log-analytics , log-analytics-network-performance-monitor-expressroute.md , Media    , media/log-analytics-network-performance-monitor/expressroute-configure-discovery.png,log-analytics-network-performance-monitor/expressroute-configure-discovery.png,log-analytics-network-performance-monitor,FALSE
log-analytics ,C:\Users\bwren\Git\azure-docs-pr\articles\log-analytics , log-analytics-network-performance-monitor-expressroute.md , Media    , media/log-analytics-network-performance-monitor/expressroute-intro.png,log-analytics-network-performance-monitor/expressroute-intro.png,log-analytics-network-performance-monitor,FALSE
log-analytics ,C:\Users\bwren\Git\azure-docs-pr\articles\log-analytics , log-analytics-network-performance-monitor-expressroute.md , Media    , media/log-analytics-network-performance-monitor/expressroute-latency.png,log-analytics-network-performance-monitor/expressroute-latency.png,log-analytics-network-performance-monitor,FALSE
log-analytics ,C:\Users\bwren\Git\azure-docs-pr\articles\log-analytics , log-analytics-network-performance-monitor-expressroute.md , Media    , media/log-analytics-network-performance-monitor/expressroute-peak-utilization.png,log-analytics-network-performance-monitor/expressroute-peak-utilization.png,log-analytics-network-performance-monitor,FALSE
log-analytics ,C:\Users\bwren\Git\azure-docs-pr\articles\log-analytics , log-analytics-network-performance-monitor-expressroute.md , Media    , media/log-analytics-network-performance-monitor/expressroute-peerings.png,log-analytics-network-performance-monitor/expressroute-peerings.png,log-analytics-network-performance-monitor,FALSE
log-analytics ,C:\Users\bwren\Git\azure-docs-pr\articles\log-analytics , log-analytics-network-performance-monitor-expressroute.md , Media    , media/log-analytics-network-performance-monitor/expressroute-topology.png,log-analytics-network-performance-monitor/expressroute-topology.png,log-analytics-network-performance-monitor,FALSE
log-analytics ,C:\Users\bwren\Git\azure-docs-pr\articles\log-analytics , log-analytics-network-performance-monitor-expressroute.md , Media    , media/log-analytics-network-performance-monitor/expressroute-traffic-flow.png,log-analytics-network-performance-monitor/expressroute-traffic-flow.png,log-analytics-network-performance-monitor,FALSE
log-analytics ,C:\Users\bwren\Git\azure-docs-pr\articles\log-analytics , log-analytics-network-performance-monitor-expressroute.md , Media    , media/log-analytics-network-performance-monitor/expressroute-vnet.png,log-analytics-network-performance-monitor/expressroute-vnet.png,log-analytics-network-performance-monitor,FALSE
log-analytics ,C:\Users\bwren\Git\azure-docs-pr\articles\log-analytics , log-analytics-network-performance-monitor-performance-monitor.md , Media    , media/log-analytics-network-performance-monitor/node-links.png,log-analytics-network-performance-monitor/node-links.png,log-analytics-network-performance-monitor,FALSE
log-analytics ,C:\Users\bwren\Git\azure-docs-pr\articles\log-analytics , log-analytics-network-performance-monitor-performance-monitor.md , Media    , media/log-analytics-network-performance-monitor/npm-configure-button.png,log-analytics-network-performance-monitor/npm-configure-button.png,log-analytics-network-performance-monitor,FALSE
log-analytics ,C:\Users\bwren\Git\azure-docs-pr\articles\log-analytics , log-analytics-network-performance-monitor-service-endpoint.md , Media    , media/log-analytics-network-performance-monitor/npm-configure-button.png,log-analytics-network-performance-monitor/npm-configure-button.png,log-analytics-network-performance-monitor,FALSE
log-analytics ,C:\Users\bwren\Git\azure-docs-pr\articles\log-analytics , log-analytics-network-performance-monitor-expressroute.md , Media    , media/log-analytics-network-performance-monitor/npm-dashboard-expressroute.png,log-analytics-network-performance-monitor/npm-dashboard-expressroute.png,log-analytics-network-performance-monitor,FALSE
log-analytics ,C:\Users\bwren\Git\azure-docs-pr\articles\log-analytics , log-analytics-network-performance-monitor-performance-monitor.md , Media    , media/log-analytics-network-performance-monitor/npm-performance-monitor.png,log-analytics-network-performance-monitor/npm-performance-monitor.png,log-analytics-network-performance-monitor,FALSE
log-analytics ,C:\Users\bwren\Git\azure-docs-pr\articles\log-analytics , log-analytics-network-performance-monitor-faq.md , Media    , media/log-analytics-network-performance-monitor/npm-symbol.png,log-analytics-network-performance-monitor/npm-symbol.png,log-analytics-network-performance-monitor,FALSE
log-analytics ,C:\Users\bwren\Git\azure-docs-pr\articles\log-analytics , log-analytics-network-performance-monitor-service-endpoint.md , Media    , media/log-analytics-network-performance-monitor/service-endpoint-application-issue.png,log-analytics-network-performance-monitor/service-endpoint-application-issue.png,log-analytics-network-performance-monitor,FALSE
log-analytics ,C:\Users\bwren\Git\azure-docs-pr\articles\log-analytics , log-analytics-network-performance-monitor-service-endpoint.md , Media    , media/log-analytics-network-performance-monitor/service-endpoint-blade.png,log-analytics-network-performance-monitor/service-endpoint-blade.png,log-analytics-network-performance-monitor,FALSE
log-analytics ,C:\Users\bwren\Git\azure-docs-pr\articles\log-analytics , log-analytics-network-performance-monitor-service-endpoint.md , Media    , media/log-analytics-network-performance-monitor/service-endpoint-configuration.png,log-analytics-network-performance-monitor/service-endpoint-configuration.png,log-analytics-network-performance-monitor,FALSE
log-analytics ,C:\Users\bwren\Git\azure-docs-pr\articles\log-analytics , log-analytics-network-performance-monitor-service-endpoint.md , Media    , media/log-analytics-network-performance-monitor/service-endpoint-intro.png,log-analytics-network-performance-monitor/service-endpoint-intro.png,log-analytics-network-performance-monitor,FALSE
log-analytics ,C:\Users\bwren\Git\azure-docs-pr\articles\log-analytics , log-analytics-network-performance-monitor-service-endpoint.md , Media    , media/log-analytics-network-performance-monitor/service-endpoint-network-issue.png,log-analytics-network-performance-monitor/service-endpoint-network-issue.png,log-analytics-network-performance-monitor,FALSE
log-analytics ,C:\Users\bwren\Git\azure-docs-pr\articles\log-analytics , log-analytics-network-performance-monitor-service-endpoint.md , Media    , media/log-analytics-network-performance-monitor/service-endpoint-tests.png,log-analytics-network-performance-monitor/service-endpoint-tests.png,log-analytics-network-performance-monitor,FALSE
log-analytics ,C:\Users\bwren\Git\azure-docs-pr\articles\log-analytics , log-analytics-network-performance-monitor-service-endpoint.md , Media    , media/log-analytics-network-performance-monitor/service-endpoint-topology.png,log-analytics-network-performance-monitor/service-endpoint-topology.png,log-analytics-network-performance-monitor,FALSE
log-analytics ,C:\Users\bwren\Git\azure-docs-pr\articles\log-analytics , log-analytics-network-performance-monitor-performance-monitor.md , Media    , media/log-analytics-network-performance-monitor/subnetwork-links.png,log-analytics-network-performance-monitor/subnetwork-links.png,log-analytics-network-performance-monitor,FALSE
log-analytics ,C:\Users\bwren\Git\azure-docs-pr\articles\log-analytics , log-analytics-network-performance-monitor-performance-monitor.md , Media    , media/log-analytics-network-performance-monitor/topology-dashboard.png,log-analytics-network-performance-monitor/topology-dashboard.png,log-analytics-network-performance-monitor,FALSE
log-analytics ,C:\Users\bwren\Git\azure-docs-pr\articles\log-analytics , log-analytics-network-performance-monitor-performance-monitor.md , Media    , media/log-analytics-network-performance-monitor/topology-dashboard-root-cause.png,log-analytics-network-performance-monitor/topology-dashboard-root-cause.png,log-analytics-network-performance-monitor,FALSE
log-analytics ,C:\Users\bwren\Git\azure-docs-pr\articles\log-analytics , log-analytics-oms-portal-faq.md , Media    , media/log-analytics-new-portal/advanced-settings.png,log-analytics-new-portal/advanced-settings.png,log-analytics-new-portal,FALSE
log-analytics ,C:\Users\bwren\Git\azure-docs-pr\articles\log-analytics , log-analytics-oms-portal-faq.md , Media    , media/log-analytics-new-portal/log-analytics.png,log-analytics-new-portal/log-analytics.png,log-analytics-new-portal,FALSE
log-analytics ,C:\Users\bwren\Git\azure-docs-pr\articles\log-analytics , log-analytics-oms-portal-faq.md , Media    , media/log-analytics-new-portal/new-workspace.png,log-analytics-new-portal/new-workspace.png,log-analytics-new-portal,FALSE
log-analytics ,C:\Users\bwren\Git\azure-docs-pr\articles\log-analytics , log-analytics-oms-portal-faq.md , Media    , media/log-analytics-new-portal/overview.png,log-analytics-new-portal/overview.png,log-analytics-new-portal,FALSE
log-analytics ,C:\Users\bwren\Git\azure-docs-pr\articles\log-analytics , log-analytics-oms-portal-faq.md , Media    , media/log-analytics-new-portal/usage.png,log-analytics-new-portal/usage.png,log-analytics-new-portal,FALSE
log-analytics ,C:\Users\bwren\Git\azure-docs-pr\articles\log-analytics , log-analytics-manage-access.md , Media    , ./media/log-analytics-quick-collect-azurevm/azure-portal-01.png,log-analytics-quick-collect-azurevm/azure-portal-01.png,log-analytics-quick-collect-azurevm,FALSE
log-analytics ,C:\Users\bwren\Git\azure-docs-pr\articles\log-analytics , log-analytics-manage-cost-storage.md , Media    , media/log-analytics-quick-collect-azurevm/azure-portal-01.png,log-analytics-quick-collect-azurevm/azure-portal-01.png,log-analytics-quick-collect-azurevm,FALSE
log-analytics ,C:\Users\bwren\Git\azure-docs-pr\articles\log-analytics , log-analytics-quick-collect-linux-computer.md , Media    , media/log-analytics-quick-collect-azurevm/azure-portal-01.png,log-analytics-quick-collect-azurevm/azure-portal-01.png,log-analytics-quick-collect-azurevm,FALSE
log-analytics ,C:\Users\bwren\Git\azure-docs-pr\articles\log-analytics , log-analytics-quick-collect-windows-computer.md , Media    , media/log-analytics-quick-collect-azurevm/azure-portal-01.png,log-analytics-quick-collect-azurevm/azure-portal-01.png,log-analytics-quick-collect-azurevm,FALSE
log-analytics ,C:\Users\bwren\Git\azure-docs-pr\articles\log-analytics , log-analytics-quick-create-workspace.md , Media    , media/log-analytics-quick-collect-azurevm/azure-portal-01.png,log-analytics-quick-collect-azurevm/azure-portal-01.png,log-analytics-quick-collect-azurevm,FALSE
log-analytics ,C:\Users\bwren\Git\azure-docs-pr\articles\log-analytics , log-analytics-sccm.md , Media    , media/log-analytics-quick-collect-azurevm/azure-portal-01.png,log-analytics-quick-collect-azurevm/azure-portal-01.png,log-analytics-quick-collect-azurevm,FALSE
log-analytics ,C:\Users\bwren\Git\azure-docs-pr\articles\log-analytics , log-analytics-usage.md , Media    , ./media/log-analytics-quick-collect-azurevm/azure-portal-01.png,log-analytics-quick-collect-azurevm/azure-portal-01.png,log-analytics-quick-collect-azurevm,FALSE
log-analytics ,C:\Users\bwren\Git\azure-docs-pr\articles\log-analytics , log-analytics-quick-collect-linux-computer.md , Media    , ./media/log-analytics-quick-collect-azurevm/create-loganalytics-workspace-02.png,log-analytics-quick-collect-azurevm/create-loganalytics-workspace-02.png,log-analytics-quick-collect-azurevm,FALSE
log-analytics ,C:\Users\bwren\Git\azure-docs-pr\articles\log-analytics , log-analytics-quick-collect-windows-computer.md , Media    , media/log-analytics-quick-collect-azurevm/create-loganalytics-workspace-02.png,log-analytics-quick-collect-azurevm/create-loganalytics-workspace-02.png,log-analytics-quick-collect-azurevm,FALSE
log-analytics ,C:\Users\bwren\Git\azure-docs-pr\articles\log-analytics , log-analytics-quick-create-workspace.md , Media    , media/log-analytics-quick-collect-azurevm/create-loganalytics-workspace-02.png,log-analytics-quick-collect-azurevm/create-loganalytics-workspace-02.png,log-analytics-quick-collect-azurevm,FALSE
log-analytics ,C:\Users\bwren\Git\azure-docs-pr\articles\log-analytics , log-analytics-quick-collect-linux-computer.md , Media    , media/log-analytics-quick-collect-azurevm/linux-perfcounters-default.png,log-analytics-quick-collect-azurevm/linux-perfcounters-default.png,log-analytics-quick-collect-azurevm,FALSE
log-analytics ,C:\Users\bwren\Git\azure-docs-pr\articles\log-analytics , log-analytics-agent-windows.md , Media    , media/log-analytics-quick-collect-azurevm/log-analytics-advanced-settings-01.png,log-analytics-quick-collect-azurevm/log-analytics-advanced-settings-01.png,log-analytics-quick-collect-azurevm,FALSE
log-analytics ,C:\Users\bwren\Git\azure-docs-pr\articles\log-analytics , log-analytics-quick-collect-linux-computer.md , Media    , media/log-analytics-quick-collect-azurevm/log-analytics-advanced-settings-01.png,log-analytics-quick-collect-azurevm/log-analytics-advanced-settings-01.png,log-analytics-quick-collect-azurevm,FALSE
log-analytics ,C:\Users\bwren\Git\azure-docs-pr\articles\log-analytics , log-analytics-quick-collect-windows-computer.md , Media    , media/log-analytics-quick-collect-azurevm/log-analytics-advanced-settings-01.png,log-analytics-quick-collect-azurevm/log-analytics-advanced-settings-01.png,log-analytics-quick-collect-azurevm,FALSE
log-analytics ,C:\Users\bwren\Git\azure-docs-pr\articles\log-analytics , log-analytics-quick-collect-windows-computer.md , Media    , media/log-analytics-quick-collect-azurevm/log-analytics-advanced-settings-01.png,log-analytics-quick-collect-azurevm/log-analytics-advanced-settings-01.png,log-analytics-quick-collect-azurevm,FALSE
log-analytics ,C:\Users\bwren\Git\azure-docs-pr\articles\log-analytics , log-analytics-sccm.md , Media    , media/log-analytics-quick-collect-azurevm/log-analytics-advanced-settings-01.png,log-analytics-quick-collect-azurevm/log-analytics-advanced-settings-01.png,log-analytics-quick-collect-azurevm,FALSE
log-analytics ,C:\Users\bwren\Git\azure-docs-pr\articles\log-analytics , log-analytics-quick-collect-linux-computer.md , Media    , media/log-analytics-quick-collect-azurevm/log-analytics-portal-delete-resource.png,log-analytics-quick-collect-azurevm/log-analytics-portal-delete-resource.png,log-analytics-quick-collect-azurevm,FALSE
log-analytics ,C:\Users\bwren\Git\azure-docs-pr\articles\log-analytics , log-analytics-quick-collect-windows-computer.md , Media    , media/log-analytics-quick-collect-azurevm/log-analytics-portal-delete-resource.png,log-analytics-quick-collect-azurevm/log-analytics-portal-delete-resource.png,log-analytics-quick-collect-azurevm,FALSE
log-analytics ,C:\Users\bwren\Git\azure-docs-pr\articles\log-analytics , log-analytics-quick-collect-windows-computer.md , Media    , media/log-analytics-quick-collect-azurevm/windows-perfcounters-default.png,log-analytics-quick-collect-azurevm/windows-perfcounters-default.png,log-analytics-quick-collect-azurevm,FALSE
log-analytics ,C:\Users\bwren\Git\azure-docs-pr\articles\log-analytics , log-analytics-quick-collect-windows-computer.md , Media    , media/log-analytics-quick-collect-linux-computer/log-analytics-portal-queryexample.png,log-analytics-quick-collect-linux-computer/log-analytics-portal-queryexample.png,log-analytics-quick-collect-linux-computer,FALSE
log-analytics ,C:\Users\bwren\Git\azure-docs-pr\articles\log-analytics , log-analytics-agent-windows.md , Media    , media/log-analytics-quick-collect-windows-computer/log-analytics-mma-laworkspace-status.png,log-analytics-quick-collect-windows-computer/log-analytics-mma-laworkspace-status.png,log-analytics-quick-collect-windows-computer,FALSE
log-analytics ,C:\Users\bwren\Git\azure-docs-pr\articles\log-analytics , log-analytics-agent-windows.md , Media    , media/log-analytics-quick-collect-windows-computer/log-analytics-mma-setup-laworkspace.png,log-analytics-quick-collect-windows-computer/log-analytics-mma-setup-laworkspace.png,log-analytics-quick-collect-windows-computer,FALSE
log-analytics ,C:\Users\bwren\Git\azure-docs-pr\articles\log-analytics , log-analytics-quick-create-workspace-cli.md , Media    , ./media/log-analytics-template-workspace-configuration/template-output-01.png,log-analytics-template-workspace-configuration/template-output-01.png,log-analytics-template-workspace-configuration,FALSE
log-analytics ,C:\Users\bwren\Git\azure-docs-pr\articles\log-analytics , log-analytics-quick-create-workspace-posh.md , Media    , ./media/log-analytics-template-workspace-configuration/template-output-01.png,log-analytics-template-workspace-configuration/template-output-01.png,log-analytics-template-workspace-configuration,FALSE
log-analytics ,C:\Users\bwren\Git\azure-docs-pr\articles\log-analytics , log-analytics-view-designer-filters.md , Media    , media/log-analytics-view-designer/filters-example-custom.png,log-analytics-view-designer/filters-example-custom.png,log-analytics-view-designer,FALSE
log-analytics ,C:\Users\bwren\Git\azure-docs-pr\articles\log-analytics , log-analytics-view-designer-filters.md , Media    , media/log-analytics-view-designer/filters-example-time.png,log-analytics-view-designer/filters-example-time.png,log-analytics-view-designer,FALSE
log-analytics ,C:\Users\bwren\Git\azure-docs-pr\articles\log-analytics , log-analytics-view-designer-filters.md , Media    , media/log-analytics-view-designer/filters-settings.png,log-analytics-view-designer/filters-settings.png,log-analytics-view-designer,FALSE
log-analytics ,C:\Users\bwren\Git\azure-docs-pr\articles\log-analytics , log-analytics-view-designer-tiles.md , Media    , media/log-analytics-view-designer/tile-donut.png,log-analytics-view-designer/tile-donut.png,log-analytics-view-designer,FALSE
log-analytics ,C:\Users\bwren\Git\azure-docs-pr\articles\log-analytics , log-analytics-view-designer-tiles.md , Media    , media/log-analytics-view-designer/tile-line-chart.png,log-analytics-view-designer/tile-line-chart.png,log-analytics-view-designer,FALSE
log-analytics ,C:\Users\bwren\Git\azure-docs-pr\articles\log-analytics , log-analytics-view-designer-tiles.md , Media    , media/log-analytics-view-designer/tile-line-chart-callout.png,log-analytics-view-designer/tile-line-chart-callout.png,log-analytics-view-designer,FALSE
log-analytics ,C:\Users\bwren\Git\azure-docs-pr\articles\log-analytics , log-analytics-view-designer-tiles.md , Media    , media/log-analytics-view-designer/tile-number.png,log-analytics-view-designer/tile-number.png,log-analytics-view-designer,FALSE
log-analytics ,C:\Users\bwren\Git\azure-docs-pr\articles\log-analytics , log-analytics-view-designer-tiles.md , Media    , media/log-analytics-view-designer/tile-two-numbers.png,log-analytics-view-designer/tile-two-numbers.png,log-analytics-view-designer,FALSE
log-analytics ,C:\Users\bwren\Git\azure-docs-pr\articles\log-analytics , log-analytics-view-designer-tiles.md , Media    , media/log-analytics-view-designer/tile-two-timelines.png,log-analytics-view-designer/tile-two-timelines.png,log-analytics-view-designer,FALSE
log-analytics ,C:\Users\bwren\Git\azure-docs-pr\articles\log-analytics , log-analytics-view-designer-parts.md , Media    , media/log-analytics-view-designer/view-donut-list.png,log-analytics-view-designer/view-donut-list.png,log-analytics-view-designer,FALSE
log-analytics ,C:\Users\bwren\Git\azure-docs-pr\articles\log-analytics , log-analytics-view-designer-parts.md , Media    , media/log-analytics-view-designer/view-information.png,log-analytics-view-designer/view-information.png,log-analytics-view-designer,FALSE
log-analytics ,C:\Users\bwren\Git\azure-docs-pr\articles\log-analytics , log-analytics-view-designer-parts.md , Media    , media/log-analytics-view-designer/view-line-chart-callout-list.png,log-analytics-view-designer/view-line-chart-callout-list.png,log-analytics-view-designer,FALSE
log-analytics ,C:\Users\bwren\Git\azure-docs-pr\articles\log-analytics , log-analytics-view-designer-parts.md , Media    , media/log-analytics-view-designer/view-line-chart-callout-list.png,log-analytics-view-designer/view-line-chart-callout-list.png,log-analytics-view-designer,FALSE
log-analytics ,C:\Users\bwren\Git\azure-docs-pr\articles\log-analytics , log-analytics-view-designer-parts.md , Media    , media/log-analytics-view-designer/view-list-queries.png,log-analytics-view-designer/view-list-queries.png,log-analytics-view-designer,FALSE
log-analytics ,C:\Users\bwren\Git\azure-docs-pr\articles\log-analytics , log-analytics-view-designer-parts.md , Media    , media/log-analytics-view-designer/view-number-list.png,log-analytics-view-designer/view-number-list.png,log-analytics-view-designer,FALSE
log-analytics ,C:\Users\bwren\Git\azure-docs-pr\articles\log-analytics , log-analytics-view-designer-parts.md , Media    , media/log-analytics-view-designer/view-stack-line-charts.png,log-analytics-view-designer/view-stack-line-charts.png,log-analytics-view-designer,FALSE
log-analytics ,C:\Users\bwren\Git\azure-docs-pr\articles\log-analytics , log-analytics-view-designer-parts.md , Media    , media/log-analytics-view-designer/view-two-numbers-list.png,log-analytics-view-designer/view-two-numbers-list.png,log-analytics-view-designer,FALSE
log-analytics ,C:\Users\bwren\Git\azure-docs-pr\articles\log-analytics , log-analytics-view-designer-parts.md , Media    , media/log-analytics-view-designer/view-two-timelines-list.png,log-analytics-view-designer/view-two-timelines-list.png,log-analytics-view-designer,FALSE
monitoring ,C:\Users\bwren\Git\azure-docs-pr\articles\monitoring , monitoring-data-collection.md , Media    , ../azure-monitor/media/overview/overview.png,../azure-monitor/overview/overview.png,..,FALSE
monitoring ,C:\Users\bwren\Git\azure-docs-pr\articles\monitoring , monitoring-container-insights-optout.md , Media    , ./media/monitoring-container-health/container-properties-page.png,monitoring-container-health/container-properties-page.png,monitoring-container-health,FALSE
monitoring ,C:\Users\bwren\Git\azure-docs-pr\articles\monitoring , monitoring-service-map-configure.md , Media    , media/monitoring-service-map/agents.png,monitoring-service-map/agents.png,monitoring-service-map,FALSE
monitoring ,C:\Users\bwren\Git\azure-docs-pr\articles\monitoring , monitoring-service-map-scom.md , Media    , media/monitoring-service-map/scom-config-group.png,monitoring-service-map/scom-config-group.png,monitoring-service-map,FALSE
monitoring ,C:\Users\bwren\Git\azure-docs-pr\articles\monitoring , monitoring-service-map-scom.md , Media    , media/monitoring-service-map/scom-config-machine-groups.png,monitoring-service-map/scom-config-machine-groups.png,monitoring-service-map,FALSE
monitoring ,C:\Users\bwren\Git\azure-docs-pr\articles\monitoring , monitoring-service-map-scom.md , Media    , media/monitoring-service-map/scom-config-pool.png,monitoring-service-map/scom-config-pool.png,monitoring-service-map,FALSE
monitoring ,C:\Users\bwren\Git\azure-docs-pr\articles\monitoring , monitoring-service-map-scom.md , Media    , media/monitoring-service-map/scom-config-spn.png,monitoring-service-map/scom-config-spn.png,monitoring-service-map,FALSE
monitoring ,C:\Users\bwren\Git\azure-docs-pr\articles\monitoring , monitoring-service-map-scom.md , Media    , media/monitoring-service-map/scom-config-success.png,monitoring-service-map/scom-config-success.png,monitoring-service-map,FALSE
monitoring ,C:\Users\bwren\Git\azure-docs-pr\articles\monitoring , monitoring-service-map-scom.md , Media    , media/monitoring-service-map/scom-configuration.png,monitoring-service-map/scom-configuration.png,monitoring-service-map,FALSE
monitoring ,C:\Users\bwren\Git\azure-docs-pr\articles\monitoring , monitoring-service-map-scom.md , Media    , media/monitoring-service-map/scom-config-workspace.png,monitoring-service-map/scom-config-workspace.png,monitoring-service-map,FALSE
monitoring ,C:\Users\bwren\Git\azure-docs-pr\articles\monitoring , monitoring-service-map-scom.md , Media    , media/monitoring-service-map/scom-dad.png,monitoring-service-map/scom-dad.png,monitoring-service-map,FALSE
monitoring ,C:\Users\bwren\Git\azure-docs-pr\articles\monitoring , monitoring-service-map-scom.md , Media    , media/monitoring-service-map/scom-edit-workspace.png,monitoring-service-map/scom-edit-workspace.png,monitoring-service-map,FALSE
monitoring ,C:\Users\bwren\Git\azure-docs-pr\articles\monitoring , monitoring-service-map-scom.md , Media    , media/monitoring-service-map/scom-group-dad.png,monitoring-service-map/scom-group-dad.png,monitoring-service-map,FALSE
monitoring ,C:\Users\bwren\Git\azure-docs-pr\articles\monitoring , monitoring-service-map-scom.md , Media    , media/monitoring-service-map/scom-monitoring.png,monitoring-service-map/scom-monitoring.png,monitoring-service-map,FALSE
monitoring ,C:\Users\bwren\Git\azure-docs-pr\articles\monitoring , monitoring-service-map-scom.md , Media    , media/monitoring-service-map/scom-monitoring-servers.png,monitoring-service-map/scom-monitoring-servers.png,monitoring-service-map,FALSE
monitoring ,C:\Users\bwren\Git\azure-docs-pr\articles\monitoring , monitoring-service-map-scom.md , Media    , media/monitoring-service-map/scom-overrides.png,monitoring-service-map/scom-overrides.png,monitoring-service-map,FALSE
monitoring-and-diagnostics ,C:\Users\bwren\Git\azure-docs-pr\articles\monitoring-and-diagnostics , alert-metric-classic.md , Media    , ./media/alerts-metric-classic/AddAlertOnlyParamsPage.png,alerts-metric-classic/AddAlertOnlyParamsPage.png,alerts-metric-classic,FALSE
monitoring-and-diagnostics ,C:\Users\bwren\Git\azure-docs-pr\articles\monitoring-and-diagnostics , alert-metric-classic.md , Media    , ./media/alerts-metric-classic/AlertRulesButton.png,alerts-metric-classic/AlertRulesButton.png,alerts-metric-classic,FALSE
monitoring-and-diagnostics ,C:\Users\bwren\Git\azure-docs-pr\articles\monitoring-and-diagnostics , azure-diagnostics-configure-application-insights.md , Media    , ./media/azure-diagnostics-configure-applicationinsights/AzDiag_Channels_App_Insights.png,azure-diagnostics-configure-applicationinsights/AzDiag_Channels_App_Insights.png,azure-diagnostics-configure-applicationinsights,FALSE
monitoring-and-diagnostics ,C:\Users\bwren\Git\azure-docs-pr\articles\monitoring-and-diagnostics , azure-diagnostics-configure-application-insights.md , Media    , ./media/azure-diagnostics-configure-applicationinsights/Azure_Diagnostics_Sinks.png,azure-diagnostics-configure-applicationinsights/Azure_Diagnostics_Sinks.png,azure-diagnostics-configure-applicationinsights,FALSE
monitoring-and-diagnostics ,C:\Users\bwren\Git\azure-docs-pr\articles\monitoring-and-diagnostics , insights-advanced-autoscale-virtual-machine-scale-sets.md , Media    , ./media/insights-advanced-autoscale-vmss/autoscalewad.png,insights-advanced-autoscale-vmss/autoscalewad.png,insights-advanced-autoscale-vmss,FALSE
monitoring-and-diagnostics ,C:\Users\bwren\Git\azure-docs-pr\articles\monitoring-and-diagnostics , insights-advanced-autoscale-virtual-machine-scale-sets.md , Media    , ./media/insights-advanced-autoscale-vmss/azure_explorer_navigate.png,insights-advanced-autoscale-vmss/azure_explorer_navigate.png,insights-advanced-autoscale-vmss,FALSE
monitoring-and-diagnostics ,C:\Users\bwren\Git\azure-docs-pr\articles\monitoring-and-diagnostics , insights-advanced-autoscale-virtual-machine-scale-sets.md , Media    , ./media/insights-advanced-autoscale-vmss/profiles.png,insights-advanced-autoscale-vmss/profiles.png,insights-advanced-autoscale-vmss,FALSE
monitoring-and-diagnostics ,C:\Users\bwren\Git\azure-docs-pr\articles\monitoring-and-diagnostics , metrics-store-custom-guestos-resource-manager-vm.md , Media    , ./media/metrics-store-custom-rest-api/metrics.png,metrics-store-custom-rest-api/metrics.png,metrics-store-custom-rest-api,FALSE
monitoring-and-diagnostics ,C:\Users\bwren\Git\azure-docs-pr\articles\monitoring-and-diagnostics , metrics-store-custom-guestos-resource-manager-vmss.md , Media    , ./media/metrics-store-custom-rest-api/metrics.png,metrics-store-custom-rest-api/metrics.png,metrics-store-custom-rest-api,FALSE
monitoring-and-diagnostics ,C:\Users\bwren\Git\azure-docs-pr\articles\monitoring-and-diagnostics , monitoring-alerts-extend-tool.md , Media    , ./media/monitor-alerts-extend/azure-portal-01.png,monitor-alerts-extend/azure-portal-01.png,monitor-alerts-extend,FALSE
monitoring-and-diagnostics ,C:\Users\bwren\Git\azure-docs-pr\articles\monitoring-and-diagnostics , monitoring-alerts-extend-tool.md , Media    , ./media/monitor-alerts-extend/ErrorPolicy.png,monitor-alerts-extend/ErrorPolicy.png,monitor-alerts-extend,FALSE
monitoring-and-diagnostics ,C:\Users\bwren\Git\azure-docs-pr\articles\monitoring-and-diagnostics , monitoring-alerts-extend-tool.md , Media    , ./media/monitor-alerts-extend/ErrorScopeLock.png,monitor-alerts-extend/ErrorScopeLock.png,monitor-alerts-extend,FALSE
monitoring-and-diagnostics ,C:\Users\bwren\Git\azure-docs-pr\articles\monitoring-and-diagnostics , monitoring-alerts-extend-tool.md , Media    , ./media/monitor-alerts-extend/ExtendInto.png,monitor-alerts-extend/ExtendInto.png,monitor-alerts-extend,FALSE
monitoring-and-diagnostics ,C:\Users\bwren\Git\azure-docs-pr\articles\monitoring-and-diagnostics , monitoring-alerts-extend-tool.md , Media    , ./media/monitor-alerts-extend/ExtendStep1.png,monitor-alerts-extend/ExtendStep1.png,monitor-alerts-extend,FALSE
monitoring-and-diagnostics ,C:\Users\bwren\Git\azure-docs-pr\articles\monitoring-and-diagnostics , monitoring-alerts-extend-tool.md , Media    , ./media/monitor-alerts-extend/ExtendStep2.png,monitor-alerts-extend/ExtendStep2.png,monitor-alerts-extend,FALSE
monitoring-and-diagnostics ,C:\Users\bwren\Git\azure-docs-pr\articles\monitoring-and-diagnostics , monitoring-alerts-extend-tool.md , Media    , ./media/monitor-alerts-extend/ExtendStep3.png,monitor-alerts-extend/ExtendStep3.png,monitor-alerts-extend,FALSE
monitoring-and-diagnostics ,C:\Users\bwren\Git\azure-docs-pr\articles\monitoring-and-diagnostics , monitoring-alerts-extend-tool.md , Media    , ./media/monitor-alerts-extend/oms-portal-settings-option.png,monitor-alerts-extend/oms-portal-settings-option.png,monitor-alerts-extend,FALSE
monitoring-and-diagnostics ,C:\Users\bwren\Git\azure-docs-pr\articles\monitoring-and-diagnostics , monitoring-alerts-extend.md , Media    , ./media/monitor-alerts-extend/PostExtendList.png,monitor-alerts-extend/PostExtendList.png,monitor-alerts-extend,FALSE
monitoring-and-diagnostics ,C:\Users\bwren\Git\azure-docs-pr\articles\monitoring-and-diagnostics , monitoring-alerts-extend-tool.md , Media    , ./media/monitor-alerts-extend/PostExtendList.png,monitor-alerts-extend/PostExtendList.png,monitor-alerts-extend,FALSE
monitoring-and-diagnostics ,C:\Users\bwren\Git\azure-docs-pr\articles\monitoring-and-diagnostics , monitoring-alerts-extend.md , Media    , ./media/monitor-alerts-extend/ScheduledDirection.png,monitor-alerts-extend/ScheduledDirection.png,monitor-alerts-extend,FALSE
monitoring-and-diagnostics ,C:\Users\bwren\Git\azure-docs-pr\articles\monitoring-and-diagnostics , alert-log.md , Media    , ./media/monitor-alerts-unified/aggregate-on.png,monitor-alerts-unified/aggregate-on.png,monitor-alerts-unified,FALSE
monitoring-and-diagnostics ,C:\Users\bwren\Git\azure-docs-pr\articles\monitoring-and-diagnostics , alert-log.md , Media    , ./media/monitor-alerts-unified/AlertsAnalyticsCreate.png,monitor-alerts-unified/AlertsAnalyticsCreate.png,monitor-alerts-unified,FALSE
monitoring-and-diagnostics ,C:\Users\bwren\Git\azure-docs-pr\articles\monitoring-and-diagnostics , alert-log.md , Media    , ./media/monitor-alerts-unified/Alert-SelectResourceLog.png,monitor-alerts-unified/Alert-SelectResourceLog.png,monitor-alerts-unified,FALSE
monitoring-and-diagnostics ,C:\Users\bwren\Git\azure-docs-pr\articles\monitoring-and-diagnostics , alert-log.md , Media    , ./media/monitor-alerts-unified/AlertsPreviewAdd.png,monitor-alerts-unified/AlertsPreviewAdd.png,monitor-alerts-unified,FALSE
monitoring-and-diagnostics ,C:\Users\bwren\Git\azure-docs-pr\articles\monitoring-and-diagnostics , alert-log.md , Media    , ./media/monitor-alerts-unified/AlertsPreviewAlertLog.png,monitor-alerts-unified/AlertsPreviewAlertLog.png,monitor-alerts-unified,FALSE
monitoring-and-diagnostics ,C:\Users\bwren\Git\azure-docs-pr\articles\monitoring-and-diagnostics , alert-log.md , Media    , ./media/monitor-alerts-unified/AlertsPreviewCreate.png,monitor-alerts-unified/AlertsPreviewCreate.png,monitor-alerts-unified,FALSE
monitoring-and-diagnostics ,C:\Users\bwren\Git\azure-docs-pr\articles\monitoring-and-diagnostics , alert-log.md , Media    , ./media/monitor-alerts-unified/AlertsPreviewMenu.png,monitor-alerts-unified/AlertsPreviewMenu.png,monitor-alerts-unified,FALSE
monitoring-and-diagnostics ,C:\Users\bwren\Git\azure-docs-pr\articles\monitoring-and-diagnostics , alert-activity-log.md , Media    , ./media/monitor-alerts-unified/AlertsPreviewOption.png,monitor-alerts-unified/AlertsPreviewOption.png,monitor-alerts-unified,FALSE
monitoring-and-diagnostics ,C:\Users\bwren\Git\azure-docs-pr\articles\monitoring-and-diagnostics , alert-log.md , Media    , ./media/monitor-alerts-unified/AlertsPreviewOption.png,monitor-alerts-unified/AlertsPreviewOption.png,monitor-alerts-unified,FALSE
monitoring-and-diagnostics ,C:\Users\bwren\Git\azure-docs-pr\articles\monitoring-and-diagnostics , alert-log.md , Media    , ./media/monitor-alerts-unified/AlertsPreviewOverrideLog.png,monitor-alerts-unified/AlertsPreviewOverrideLog.png,monitor-alerts-unified,FALSE
monitoring-and-diagnostics ,C:\Users\bwren\Git\azure-docs-pr\articles\monitoring-and-diagnostics , alert-log.md , Media    , ./media/monitor-alerts-unified/AlertsPreviewResourceSelectionLog.png,monitor-alerts-unified/AlertsPreviewResourceSelectionLog.png,monitor-alerts-unified,FALSE
monitoring-and-diagnostics ,C:\Users\bwren\Git\azure-docs-pr\articles\monitoring-and-diagnostics , alert-log.md , Media    , ./media/monitor-alerts-unified/AlertsPreviewSuppress.png,monitor-alerts-unified/AlertsPreviewSuppress.png,monitor-alerts-unified,FALSE
monitoring-and-diagnostics ,C:\Users\bwren\Git\azure-docs-pr\articles\monitoring-and-diagnostics , monitor-alerts-unified-log.md , Media    , ./media/monitor-alerts-unified/metrics-measurement-sample-graph.png,monitor-alerts-unified/metrics-measurement-sample-graph.png,monitor-alerts-unified,FALSE
monitoring-and-diagnostics ,C:\Users\bwren\Git\azure-docs-pr\articles\monitoring-and-diagnostics , monitor-send-to-grafana.md , Media    , .\media\monitor-how-to-grafana\grafana1.png,monitor-how-to-grafana/grafana1.png,monitor-how-to-grafana,FALSE
monitoring-and-diagnostics ,C:\Users\bwren\Git\azure-docs-pr\articles\monitoring-and-diagnostics , monitor-send-to-grafana.md , Media    , .\media\monitor-how-to-grafana\grafana2.png,monitor-how-to-grafana/grafana2.png,monitor-how-to-grafana,FALSE
monitoring-and-diagnostics ,C:\Users\bwren\Git\azure-docs-pr\articles\monitoring-and-diagnostics , monitor-send-to-grafana.md , Media    , .\media\monitor-how-to-grafana\grafana3.png,monitor-how-to-grafana/grafana3.png,monitor-how-to-grafana,FALSE
monitoring-and-diagnostics ,C:\Users\bwren\Git\azure-docs-pr\articles\monitoring-and-diagnostics , monitor-send-to-grafana.md , Media    , .\media\monitor-how-to-grafana\grafana4-1.png,monitor-how-to-grafana/grafana4-1.png,monitor-how-to-grafana,FALSE
monitoring-and-diagnostics ,C:\Users\bwren\Git\azure-docs-pr\articles\monitoring-and-diagnostics , monitor-send-to-grafana.md , Media    , .\media\monitor-how-to-grafana\grafana5.png,monitor-how-to-grafana/grafana5.png,monitor-how-to-grafana,FALSE
monitoring-and-diagnostics ,C:\Users\bwren\Git\azure-docs-pr\articles\monitoring-and-diagnostics , monitor-send-to-grafana.md , Media    , .\media\monitor-how-to-grafana\grafana6.png,monitor-how-to-grafana/grafana6.png,monitor-how-to-grafana,FALSE
monitoring-and-diagnostics ,C:\Users\bwren\Git\azure-docs-pr\articles\monitoring-and-diagnostics , monitor-send-to-grafana.md , Media    , .\media\monitor-how-to-grafana\grafana7.png,monitor-how-to-grafana/grafana7.png,monitor-how-to-grafana,FALSE
monitoring-and-diagnostics ,C:\Users\bwren\Git\azure-docs-pr\articles\monitoring-and-diagnostics , monitor-send-to-grafana.md , Media    , .\media\monitor-how-to-grafana\grafana8.png,monitor-how-to-grafana/grafana8.png,monitor-how-to-grafana,FALSE
monitoring-and-diagnostics ,C:\Users\bwren\Git\azure-docs-pr\articles\monitoring-and-diagnostics , monitoring-action-groups-logic-app.md , Media    ,media/monitoring-action-groups/add-action.png,monitoring-action-groups/add-action.png,monitoring-action-groups,FALSE
monitoring-and-diagnostics ,C:\Users\bwren\Git\azure-docs-pr\articles\monitoring-and-diagnostics , monitoring-action-groups-logic-app.md , Media    ,media/monitoring-action-groups/content-type-header.png,monitoring-action-groups/content-type-header.png,monitoring-action-groups,FALSE
monitoring-and-diagnostics ,C:\Users\bwren\Git\azure-docs-pr\articles\monitoring-and-diagnostics , monitoring-action-groups-logic-app.md , Media    ,media/monitoring-action-groups/create-logic-app-dialog.png,monitoring-action-groups/create-logic-app-dialog.png,monitoring-action-groups,FALSE
monitoring-and-diagnostics ,C:\Users\bwren\Git\azure-docs-pr\articles\monitoring-and-diagnostics , monitoring-action-groups-logic-app.md , Media    ,media/monitoring-action-groups/http-request-trigger-shape.png,monitoring-action-groups/http-request-trigger-shape.png,monitoring-action-groups,FALSE
monitoring-and-diagnostics ,C:\Users\bwren\Git\azure-docs-pr\articles\monitoring-and-diagnostics , monitoring-action-groups-logic-app.md , Media    ,media/monitoring-action-groups/logic-app-triggers.png,monitoring-action-groups/logic-app-triggers.png,monitoring-action-groups,FALSE
monitoring-and-diagnostics ,C:\Users\bwren\Git\azure-docs-pr\articles\monitoring-and-diagnostics , monitoring-action-groups-logic-app.md , Media    ,media/monitoring-action-groups/metric-alert-false-condition-post-action.png,monitoring-action-groups/metric-alert-false-condition-post-action.png,monitoring-action-groups,FALSE
monitoring-and-diagnostics ,C:\Users\bwren\Git\azure-docs-pr\articles\monitoring-and-diagnostics , monitoring-action-groups-logic-app.md , Media    ,media/monitoring-action-groups/metric-alert-payload-condition.png,monitoring-action-groups/metric-alert-payload-condition.png,monitoring-action-groups,FALSE
monitoring-and-diagnostics ,C:\Users\bwren\Git\azure-docs-pr\articles\monitoring-and-diagnostics , monitoring-action-groups-logic-app.md , Media    ,media/monitoring-action-groups/metric-alert-true-condition-post-action.png,monitoring-action-groups/metric-alert-true-condition-post-action.png,monitoring-action-groups,FALSE
monitoring-and-diagnostics ,C:\Users\bwren\Git\azure-docs-pr\articles\monitoring-and-diagnostics , monitoring-action-groups-logic-app.md , Media    ,media/monitoring-action-groups/microsoft-teams-actions.png,monitoring-action-groups/microsoft-teams-actions.png,monitoring-action-groups,FALSE
monitoring-and-diagnostics ,C:\Users\bwren\Git\azure-docs-pr\articles\monitoring-and-diagnostics , monitoring-action-groups-logic-app.md , Media    ,media/monitoring-action-groups/service-health-false-condition-post-action.png,monitoring-action-groups/service-health-false-condition-post-action.png,monitoring-action-groups,FALSE
monitoring-and-diagnostics ,C:\Users\bwren\Git\azure-docs-pr\articles\monitoring-and-diagnostics , monitoring-action-groups-logic-app.md , Media    ,media/monitoring-action-groups/service-health-payload-condition.png,monitoring-action-groups/service-health-payload-condition.png,monitoring-action-groups,FALSE
monitoring-and-diagnostics ,C:\Users\bwren\Git\azure-docs-pr\articles\monitoring-and-diagnostics , monitoring-action-groups-logic-app.md , Media    ,media/monitoring-action-groups/service-health-true-condition-post-action.png,monitoring-action-groups/service-health-true-condition-post-action.png,monitoring-action-groups,FALSE
monitoring-and-diagnostics ,C:\Users\bwren\Git\azure-docs-pr\articles\monitoring-and-diagnostics , monitoring-action-groups-logic-app.md , Media    ,media/monitoring-action-groups/teams-action-post-message.png,monitoring-action-groups/teams-action-post-message.png,monitoring-action-groups,FALSE
monitoring-and-diagnostics ,C:\Users\bwren\Git\azure-docs-pr\articles\monitoring-and-diagnostics , monitoring-action-groups-logic-app.md , Media    ,media/monitoring-action-groups/update-action-group.png,monitoring-action-groups/update-action-group.png,monitoring-action-groups,FALSE
monitoring-and-diagnostics ,C:\Users\bwren\Git\azure-docs-pr\articles\monitoring-and-diagnostics , monitoring-action-groups-logic-app.md , Media    ,media/monitoring-action-groups/use-sample-payload-button.png,monitoring-action-groups/use-sample-payload-button.png,monitoring-action-groups,FALSE
monitoring-and-diagnostics ,C:\Users\bwren\Git\azure-docs-pr\articles\monitoring-and-diagnostics , alert-activity-log.md , Media    , ./media/monitoring-activity-log-alerts-new-experience/activity-log-rule-edit-page.png,monitoring-activity-log-alerts-new-experience/activity-log-rule-edit-page.png,monitoring-activity-log-alerts-new-experience,FALSE
monitoring-and-diagnostics ,C:\Users\bwren\Git\azure-docs-pr\articles\monitoring-and-diagnostics , alert-activity-log.md , Media    , ./media/monitoring-activity-log-alerts-new-experience/add-activity-log.png,monitoring-activity-log-alerts-new-experience/add-activity-log.png,monitoring-activity-log-alerts-new-experience,FALSE
monitoring-and-diagnostics ,C:\Users\bwren\Git\azure-docs-pr\articles\monitoring-and-diagnostics , alert-activity-log.md , Media    , ./media/monitoring-activity-log-alerts-new-experience/add-criteria.png,monitoring-activity-log-alerts-new-experience/add-criteria.png,monitoring-activity-log-alerts-new-experience,FALSE
monitoring-and-diagnostics ,C:\Users\bwren\Git\azure-docs-pr\articles\monitoring-and-diagnostics , alert-activity-log.md , Media    , ./media/monitoring-activity-log-alerts-new-experience/create-new-alert-rule-options.png,monitoring-activity-log-alerts-new-experience/create-new-alert-rule-options.png,monitoring-activity-log-alerts-new-experience,FALSE
monitoring-and-diagnostics ,C:\Users\bwren\Git\azure-docs-pr\articles\monitoring-and-diagnostics , alert-activity-log.md , Media    , ./media/monitoring-activity-log-alerts-new-experience/criteria-selected.png,monitoring-activity-log-alerts-new-experience/criteria-selected.png,monitoring-activity-log-alerts-new-experience,FALSE
monitoring-and-diagnostics ,C:\Users\bwren\Git\azure-docs-pr\articles\monitoring-and-diagnostics , alert-activity-log.md , Media    , ./media/monitoring-activity-log-alerts-new-experience/manage-alert-rules.png,monitoring-activity-log-alerts-new-experience/manage-alert-rules.png,monitoring-activity-log-alerts-new-experience,FALSE
monitoring-and-diagnostics ,C:\Users\bwren\Git\azure-docs-pr\articles\monitoring-and-diagnostics , alert-log.md , Media    , ./media/monitoring-activity-log-alerts-new-experience/manage-alert-rules.png,monitoring-activity-log-alerts-new-experience/manage-alert-rules.png,monitoring-activity-log-alerts-new-experience,FALSE
monitoring-and-diagnostics ,C:\Users\bwren\Git\azure-docs-pr\articles\monitoring-and-diagnostics , alert-activity-log.md , Media    , ./media/monitoring-activity-log-alerts-new-experience/searth-activity-log-rule-to-edit.png,monitoring-activity-log-alerts-new-experience/searth-activity-log-rule-to-edit.png,monitoring-activity-log-alerts-new-experience,FALSE
monitoring-and-diagnostics ,C:\Users\bwren\Git\azure-docs-pr\articles\monitoring-and-diagnostics , alert-activity-log.md , Media    , ./media/monitoring-activity-log-alerts-new-experience/select-target.png,monitoring-activity-log-alerts-new-experience/select-target.png,monitoring-activity-log-alerts-new-experience,FALSE
monitoring-and-diagnostics ,C:\Users\bwren\Git\azure-docs-pr\articles\monitoring-and-diagnostics , monitoring-alerts-managing-alert-instances.md , Media    , ./media/monitoring-alerts-managing-alerts-instances/alert-details.jpg,monitoring-alerts-managing-alerts-instances/alert-details.jpg,monitoring-alerts-managing-alerts-instances,FALSE
monitoring-and-diagnostics ,C:\Users\bwren\Git\azure-docs-pr\articles\monitoring-and-diagnostics , monitoring-alerts-managing-alert-instances.md , Media    , ./media/monitoring-alerts-managing-alerts-instances/alert-resource.JPG,monitoring-alerts-managing-alerts-instances/alert-resource.JPG,monitoring-alerts-managing-alerts-instances,FALSE
monitoring-and-diagnostics ,C:\Users\bwren\Git\azure-docs-pr\articles\monitoring-and-diagnostics , monitoring-alerts-managing-alert-instances.md , Media    , ./media/monitoring-alerts-managing-alerts-instances/alert-rg.JPG,monitoring-alerts-managing-alerts-instances/alert-rg.JPG,monitoring-alerts-managing-alerts-instances,FALSE
monitoring-and-diagnostics ,C:\Users\bwren\Git\azure-docs-pr\articles\monitoring-and-diagnostics , monitoring-alerts-managing-alert-instances.md , Media    , ./media/monitoring-alerts-managing-alerts-instances/alerts-summary.jpg,monitoring-alerts-managing-alerts-instances/alerts-summary.jpg,monitoring-alerts-managing-alerts-instances,FALSE
monitoring-and-diagnostics ,C:\Users\bwren\Git\azure-docs-pr\articles\monitoring-and-diagnostics , monitoring-alerts-managing-alert-instances.md , Media    , ./media/monitoring-alerts-managing-alerts-instances/all-alerts.jpg,monitoring-alerts-managing-alerts-instances/all-alerts.jpg,monitoring-alerts-managing-alerts-instances,FALSE
monitoring-and-diagnostics ,C:\Users\bwren\Git\azure-docs-pr\articles\monitoring-and-diagnostics , monitoring-alerts-managing-alert-instances.md , Media    , ./media/monitoring-alerts-managing-alerts-instances/monitoring-alerts-managing-alert-instances-toc.jpg,monitoring-alerts-managing-alerts-instances/monitoring-alerts-managing-alert-instances-toc.jpg,monitoring-alerts-managing-alerts-instances,FALSE
monitoring-and-diagnostics ,C:\Users\bwren\Git\azure-docs-pr\articles\monitoring-and-diagnostics , monitoring-classic-retirement.md , Media    , ./media/monitoring-overview-alerts-classic/monitor-alert-screen2.png,monitoring-overview-alerts-classic/monitor-alert-screen2.png,monitoring-overview-alerts-classic,FALSE
monitoring-and-diagnostics ,C:\Users\bwren\Git\azure-docs-pr\articles\monitoring-and-diagnostics , monitoring-overview-alerts-smartgroups.md , Media    , media/monitoring-overview-unified-alerts/smart-group-detail.png,monitoring-overview-unified-alerts/smart-group-detail.png,monitoring-overview-unified-alerts,FALSE
monitoring-and-diagnostics ,C:\Users\bwren\Git\azure-docs-pr\articles\monitoring-and-diagnostics , monitor-stream-diagnostic-logs-log-analytics.md , Media    , media/monitoring-stream-diagnostic-logs-to-log-analytics/diagnostic-settings-blade.png,monitoring-stream-diagnostic-logs-to-log-analytics/diagnostic-settings-blade.png,monitoring-stream-diagnostic-logs-to-log-analytics,FALSE
monitoring-and-diagnostics ,C:\Users\bwren\Git\azure-docs-pr\articles\monitoring-and-diagnostics , monitor-stream-diagnostic-logs-log-analytics.md , Media    , media/monitoring-stream-diagnostic-logs-to-log-analytics/diagnostic-settings-configure.png,monitoring-stream-diagnostic-logs-to-log-analytics/diagnostic-settings-configure.png,monitoring-stream-diagnostic-logs-to-log-analytics,FALSE
monitoring-and-diagnostics ,C:\Users\bwren\Git\azure-docs-pr\articles\monitoring-and-diagnostics , monitor-stream-diagnostic-logs-log-analytics.md , Media    , media/monitoring-stream-diagnostic-logs-to-log-analytics/diagnostic-settings-multiple.png,monitoring-stream-diagnostic-logs-to-log-analytics/diagnostic-settings-multiple.png,monitoring-stream-diagnostic-logs-to-log-analytics,FALSE
monitoring-and-diagnostics ,C:\Users\bwren\Git\azure-docs-pr\articles\monitoring-and-diagnostics , monitor-stream-diagnostic-logs-log-analytics.md , Media    , media/monitoring-stream-diagnostic-logs-to-log-analytics/diagnostic-settings-none.png,monitoring-stream-diagnostic-logs-to-log-analytics/diagnostic-settings-none.png,monitoring-stream-diagnostic-logs-to-log-analytics,FALSE
